path,file,status
/,6666cd76f969.html,ok
/product.html,f39b9a513bf3.html,ok
/msg/latest-news.html,8d52c9b8d5d3.html,ok
/msg/news.html,111ca0ff7896.html,ok
/msg/car-care.html,8aa86496d979.html,ok
/msg/car-care-tips.html,9dabc89dbf87.html,ok
/msg/latest-products.html,,ERROR curl: (56) The requested URL returned error: 404
/msg/company-profile.html,a3230c414189.html,ok
/msg/vanguard-story.html,3f45e13865f5.html,ok
/msg/catalog.html,6d63decb4f76.html,ok
/msg/where-to-buy.html,0e4f41d07531.html,ok
/contact/contact.html,5f6e8a2cc9a2.html,ok
/privacy/privacy.html,47b7399e3027.html,ok
/site-map/site-map.html,dfb14a22bd32.html,ok
/webls-en-us/index.html,ccd851d7d690.html,ok
/webls-en-us/product.html,547edafe6469.html,ok
/webls-en-us/site-map/site-map.html,8e8cbe1a4ced.html,ok
/product-RH-5015.html,fafd9cdf5271.html,ok
/webls-en-us/product-L0005.html,ed061bbb966b.html,ok
/product-RH-5070.html,7df790d1e7ad.html,ok
/category-car-cleaning-clay-bar.html,f6654a5ac870.html,ok
/product-L0005.html,0e830815e24d.html,ok
/product-VANGUARD-TANK300-坦克電動持壓式泡沫噴壺-RH-7008.html,8639140e0396.html,ok
/product-鐵甲武士-4S-極光鍍膜蠟-RH-5036.html,15634f2c52b2.html,ok
/product-鐵甲武士-4X氟素撥水蠟-RH-5035.html,4eaa7205ac49.html,ok
/product-鐵甲武士-美白增豔乳蠟-VG-004.html,a9ad21138da0.html,ok
/product-鐵甲武士-極塑光-滲透型塑料還原劑-VG-005.html,79cdd0916549.html,ok
/product-鐵甲武士-無雙超級防護乳蠟-VG-007.html,8083736e68fb.html,ok
/product-RH-5033.html,0afdc487ddf0.html,ok
/product-RH-8002.html,4480748f1e7b.html,ok
/product-RH-8001.html,2279323e132f.html,ok
/product-RH-5029.html,3a7e8dc31c75.html,ok
/msg/msg78.html,82dfb6cf2d53.html,ok
/msg/msg77.html,d2bea9e2e6cf.html,ok
/msg/msg76.html,62b7c7f5ee2e.html,ok
/category-car-wash-supplies.html,2ec898ccf466.html,ok
/category-car-sponges-and-car-towels.html,d90c347debd4.html,ok
/category-car-wax.html,bcc30896659d.html,ok
/category-car-coating.html,a0664462282d.html,ok
/category-car-glass-cleaners-and-car-rain-repellent.html,3dde0f7e8a84.html,ok
/category-car-interior-cleaners-and-car-perfume.html,b207c99da2c3.html,ok
/category-car-polishers-and-car-polish-pad.html,8df281e871f4.html,ok
/category-wiper-and-car-detailing-tools.html,ea2c1aebf5c8.html,ok
/webls-en-us/msg/news.html,39ffdc6bae88.html,ok
/msg/msg74.html,f5ec50995ed3.html,ok
/msg/msg38.html,761d33bf79dc.html,ok
/msg/msg37.html,c674e0ed594a.html,ok
/msg/msg14.html,f474868b6c5b.html,ok
/msg/msg13.html,36edbef6447a.html,ok
/msg/msg12.html,34118b9770fa.html,ok
/msg/msg11.html,21672cdeb099.html,ok
/msg/msg10.html,87dca5533da0.html,ok
/webls-en-us/msg/car-care-tips.html,270eafaa4a1f.html,ok
/msg/car-wash.html,3e534de15470.html,ok
/msg/msg69.html,145d1573a0f1.html,ok
/msg/msg68.html,a48c3d30ef8c.html,ok
/msg/msg67.html,004f82455c40.html,ok
/msg/msg64.html,f43d30f04c15.html,ok
/msg/msg63.html,062620264af9.html,ok
/msg/msg60.html,d56f768b4fbd.html,ok
/msg/msg55.html,0acf5f8672f1.html,ok
/webls-en-us/msg/vanguard-story.html,1423589d1467.html,ok
/msg/brand.html,6afa628094e7.html,ok
/webls-en-us/msg/catalog.html,8bfc1b474b1a.html,ok
/webls-en-us/msg/where-to-buy.html,510ea7b4c95e.html,ok
/webls-en-us/contact/contact.html,6852493f9385.html,ok
/webls-en-us/privacy/privacy.html,10613803e78d.html,ok
/webls-en-us/msg/company-profile.html,1853baf41bfb.html,ok
/webls-en-us/msg/latest-news.html,ebe0359c4aad.html,ok
/webls-en-us/msg/car-care.html,beaa017c953a.html,ok
/webls-en-us/product-RH-5015.html,cbc537becf44.html,ok
/webls-en-us/product-RH-5070.html,28311f81ccd4.html,ok
/webls-en-us/category-car-cleaning-clay-bar.html,a9a389f626f5.html,ok
/webls-en-us/product-VANGUARD-TANK300-坦克電動持壓式泡沫噴壺-RH-7008.html,e6b1ef9b59bd.html,ok
/webls-en-us/product-鐵甲武士-4S-極光鍍膜蠟-RH-5036.html,fbf7853c08f5.html,ok
/webls-en-us/product-鐵甲武士-4X氟素撥水蠟-RH-5035.html,dce959b6cd9d.html,ok
/webls-en-us/product-鐵甲武士-美白增豔乳蠟-VG-004.html,624f0123e24d.html,ok
/webls-en-us/product-鐵甲武士-極塑光-滲透型塑料還原劑-VG-005.html,873db567ae9c.html,ok
/webls-en-us/product-鐵甲武士-無雙超級防護乳蠟-VG-007.html,c5fa2faccc65.html,ok
/webls-en-us/product-RH-5033.html,51589c0bdf63.html,ok
/webls-en-us/product-RH-8002.html,22efdd0ce1a7.html,ok
/webls-en-us/product-RH-8001.html,75efa3aaadf2.html,ok
/webls-en-us/product-RH-5029.html,67b2d0f590dc.html,ok
/webls-en-us/msg/msg78.html,1814249b1312.html,ok
/webls-en-us/msg/msg77.html,0b18494e9df9.html,ok
/webls-en-us/msg/msg76.html,3dd582bed17a.html,ok
/webls-en-us/category-vanguard.html,,ERROR curl: (56) The requested URL returned error: 404
/webls-en-us/category-formula-1-1.html,,ERROR curl: (56) The requested URL returned error: 404
/webls-en-us/category-aion.html,,ERROR curl: (56) The requested URL returned error: 404
/webls-en-us/category-miltiec.html,,ERROR curl: (56) The requested URL returned error: 404
/webls-en-us/category-solar.html,,ERROR curl: (56) The requested URL returned error: 404
/webls-en-us/category-zsk.html,,ERROR curl: (56) The requested URL returned error: 404
/webls-en-us/category-clay-u.html,,ERROR curl: (56) The requested URL returned error: 404
/webls-en-us/category-car-wash.html,d58db0cf2ab9.html,ok
/webls-en-us/category-st.html,,ERROR curl: (56) The requested URL returned error: 404
/webls-en-us/category-coido.html,,ERROR curl: (56) The requested URL returned error: 404
/webls-en-us/category-volcano.html,,ERROR curl: (56) The requested URL returned error: 404
/webls-en-us/msg/latest-products.html,,ERROR curl: (56) The requested URL returned error: 404
/webls-en-us/category-car-wash-supplies.html,82715e8da440.html,ok
/webls-en-us/category-car-sponges-and-car-towels.html,ceaeb37078a0.html,ok
/webls-en-us/category-car-wax.html,c01d8b4c5ebd.html,ok
/webls-en-us/category-car-coating.html,0f0f00ff3ff1.html,ok
/webls-en-us/category-car-glass-cleaners-and-car-rain-repellent.html,881b0bfd4346.html,ok
/webls-en-us/category-car-interior-cleaners-and-car-perfume.html,c5ab5e521ad2.html,ok
/webls-en-us/category-car-polishers-and-car-polish-pad.html,0b79286befd5.html,ok
/webls-en-us/category-wiper-and-car-detailing-tools.html,0d2647008831.html,ok
/webls-en-us/msg/brand.html,15b9cfc96f17.html,ok
/webls-en-us/msg/car-wash.html,2cc52b52f449.html,ok
/product-魔泥磁土-鍍膜車系-100g-RH-5025.html,b13f2d2a31d2.html,ok
/product-RH-5028.html,cb5d1c35c01a.html,ok
/product-RH-5027.html,d9615d05ca01.html,ok
/product-RH-0526.html,dbdb19793e47.html,ok
/product-B6305.html,8f94c177ed54.html,ok
/product-B6211.html,c8a89a4ea4dd.html,ok
/product-B6301.html,6db3362f5c80.html,ok
/product-B6302.html,aa0034579064.html,ok
/product-B6304.html,5f496a14afcd.html,ok
/product-B6209.html,cc7b347a1138.html,ok
/product-B6308.html,71778524894d.html,ok
/product-B6303.html,492d5ea43a47.html,ok
/category-car-cleaning-clay-bar_off0_modlist_cid26.html,80f4c6a94901.html,ok
/category-car-cleaning-clay-bar_off1_modlist_cid26.html,608c5c97dc86.html,ok
/product-BIG！PRO-大支鋼圈刷-VG-309.html,4c214684c7f6.html,ok
/product-VG-308.html,8918f029baa0.html,ok
/product-VG-307.html,1fccdd445c25.html,ok
/product-VG-306.html,db1d0bc3f286.html,ok
/product-VG-305.html,a638378e25d6.html,ok
/product-VG-304.html,5418fbcc7cfa.html,ok
/product-VG-303.html,eacce1bac2b7.html,ok
/product-RH-5055.html,2af9c7b9680c.html,ok
/product-RH-5052.html,f0d0771ebb64.html,ok
/product-RH-5039.html,f8ea3563c126.html,ok
/product-超濃縮棕櫚洗車精-240ml-VG-017.html,07ee6fe120a9.html,ok
/category-car-wash-supplies_off0_modlist_cid25.html,40f1821670bf.html,ok
/category-car-wash-supplies_off1_modlist_cid25.html,8284b8bf2896.html,ok
/category-car-wash-supplies_off2_modlist_cid25.html,3a4227f915bb.html,ok
/product-J1007.html,7a517daee535.html,ok
/product-洗車俱樂部-超人氣超細纖維上蠟綿-(2入)-J3200.html,3bcf15b45e35.html,ok
/product-鐵甲武士-4吋飛碟上蠟綿-(3入組)-VG-301.html,421f6450ebde.html,ok
/product-洗車俱樂部-超人氣黏扣式高密度4吋海綿-3入-J3306.html,f9e67300e57e.html,ok
/product-RH-3001.html,fbda1c2908a8.html,ok
/product-RH-3002.html,6e2f6c60dfa4.html,ok
/product-J3301.html,f0acd7ecd8bb.html,ok
/product-J3302.html,2aacbd1e512d.html,ok
/product-J3303.html,6cf264711781.html,ok
/product-J3305.html,d740319b46ee.html,ok
/product-J3400.html,aef845015913.html,ok
/product-J3600.html,5568dd80d66c.html,ok
/category-car-sponges-and-car-towels_off0_modlist_cid36.html,2be8c15b5fe3.html,ok
/category-car-sponges-and-car-towels_off1_modlist_cid36.html,403de2fec5bf.html,ok
/product-RH-5053.html,6062506605c8.html,ok
/product-RH-5037.html,17985a2a1551.html,ok
/product-VANGUARD-BLACK-塑件還原增黑劑-B5036.html,c601dab72ee9.html,ok
/product-RH-8009.html,7f02d476c100.html,ok
/category-car-wax_off0_modlist_cid27.html,42ef1e3fe358.html,ok
/category-car-wax_off1_modlist_cid27.html,ac813d5941b4.html,ok
/product-RH-5050.html,617787cf3ef7.html,ok
/product-洗車俱樂部-超人氣鍍膜海綿-6入-J3601.html,996e59d0e386.html,ok
/product-RH-5021.html,9e7ef3d923b6.html,ok
/product-RH-5022.html,8593f8fd81cd.html,ok
/product-RH-5065.html,d504937c5335.html,ok
/product-RH-5064.html,510eacb24820.html,ok
/product-RH-5066.html,bda5a8892612.html,ok
/product-RH-5051.html,5c58fed260a2.html,ok
/product-鐵甲武士-特速零油膜擊退去除劑-VG-010.html,f9f6c0f57e38.html,ok
/product-洗車俱樂部-超人氣除油膜輔助神器-2入-J3202.html,86642c43b2af.html,ok
/product-VANGUARD-超級氟素玻璃鍍膜巾-VG-006.html,f359b10045d4.html,ok
/product-RH-5019.html,10596c50750e.html,ok
/product-RH-5032.html,58cdde87868e.html,ok
/product-RH-5031.html,9ef09ceba739.html,ok
/product-RH-5011.html,a5307c52c94b.html,ok
/product-RH-5013.html,db841531d97d.html,ok
/product-RH-5038.html,d782aab17a42.html,ok
/product-RH-5012.html,ea635e1f366b.html,ok
/product-J8070.html,ad783349e4f1.html,ok
/product-洗車俱樂部-超人氣6吋玻璃除油膜拋光盤-J7013.html,79d000927bab.html,ok
/product-L0007.html,57900ed9695f.html,ok
/product-2050.html,23c371e1a0e9.html,ok
/product-VG-TURBO-P0001.html,f18f5120202b.html,ok
/product-p00000111.html,123c075fbf95.html,ok
/product-J7003.html,c4d428b0e640.html,ok
/product-J7001.html,480fa7b1db26.html,ok
/product-J7002.html,0cca3caa838d.html,ok
/product-G60.html,5abdbf205b05.html,ok
/product-G80.html,e8d50b448fa7.html,ok
/product-J7004.html,9c1ed64098a8.html,ok
/product-490012.html,e01666c0fd4d.html,ok
/product-RH-5024.html,ea72bdd7b1e3.html,ok
/product-RH-9018.html,d149425fe7ad.html,ok
/webls-en-us/msg/msg74.html,d01e1de9c434.html,ok
/webls-en-us/msg/msg38.html,15972d7fed8f.html,ok
/webls-en-us/msg/msg37.html,5859771aeded.html,ok
/webls-en-us/msg/msg14.html,fa5038cbb672.html,ok
/webls-en-us/msg/msg13.html,fdc710cd6725.html,ok
/webls-en-us/msg/msg12.html,00063a30775e.html,ok
/webls-en-us/msg/msg11.html,71e2c9c8debe.html,ok
/webls-en-us/msg/msg10.html,2b604bae2059.html,ok
/webls-en-us/msg/msg69.html,0f64866b99db.html,ok
/webls-en-us/msg/msg68.html,9f63a553269a.html,ok
/webls-en-us/msg/msg67.html,0464a3c8be2b.html,ok
/webls-en-us/msg/msg64.html,ed38bcfc5c86.html,ok
/webls-en-us/msg/msg63.html,e8e935334526.html,ok
/webls-en-us/msg/msg60.html,295494a23b1a.html,ok
/webls-en-us/msg/msg55.html,3daeaa0befb5.html,ok
/msg/msg66.html,fcbbc930ef2c.html,ok
/msg/msg65.html,6bce4ec5672a.html,ok
/msg/msg62.html,76729d994ea5.html,ok
/msg/msg61.html,0557887fdcfd.html,ok
/webls-en-us/product-魔泥磁土-鍍膜車系-100g-RH-5025.html,e689e96c3161.html,ok
/webls-en-us/product-RH-5028.html,e3ed182b1f22.html,ok
/webls-en-us/product-RH-5027.html,0711a755a51a.html,ok
/webls-en-us/product-RH-0526.html,9d3f6cbe09c8.html,ok
/webls-en-us/product-B6305.html,6db32c77c5eb.html,ok
/webls-en-us/product-B6211.html,9f2af255a886.html,ok
/webls-en-us/product-B6301.html,619ded938c51.html,ok
/webls-en-us/product-B6302.html,5a8604c6ab45.html,ok
/webls-en-us/product-B6304.html,e9d2e9059f66.html,ok
/webls-en-us/product-B6209.html,8b5af294a17b.html,ok
/webls-en-us/product-B6308.html,30d355420fa3.html,ok
/webls-en-us/product-B6303.html,3cbc7cb3c5f7.html,ok
/webls-en-us/category-car-cleaning-clay-bar_off0_modlist_cid26.html,abd01c5f3720.html,ok
/webls-en-us/category-car-cleaning-clay-bar_off1_modlist_cid26.html,634ec6c2cc7f.html,ok
/category-car-wash.html,f4bc40a9c348.html,ok
/webls-en-us/product-BIG！PRO-大支鋼圈刷-VG-309.html,ef5a093031ae.html,ok
/webls-en-us/product-VG-308.html,726361fe5696.html,ok
/webls-en-us/product-VG-307.html,166b00a70dae.html,ok
/webls-en-us/product-VG-306.html,055279689d8f.html,ok
/webls-en-us/product-VG-305.html,a5c2a1eadc4c.html,ok
/webls-en-us/product-VG-304.html,040af40420f4.html,ok
/webls-en-us/product-VG-303.html,71755f9114ce.html,ok
/webls-en-us/product-RH-5055.html,e2170b6ac080.html,ok
/webls-en-us/product-RH-5052.html,b08a65fc8baf.html,ok
/webls-en-us/product-RH-5039.html,8a4f8fa78409.html,ok
/webls-en-us/product-超濃縮棕櫚洗車精-240ml-VG-017.html,bc55666f8143.html,ok
/webls-en-us/category-car-wash-supplies_off0_modlist_cid25.html,dde2f2cc6b50.html,ok
/webls-en-us/category-car-wash-supplies_off1_modlist_cid25.html,26a175876a18.html,ok
/webls-en-us/category-car-wash-supplies_off2_modlist_cid25.html,9a88afa0cb15.html,ok
/webls-en-us/product-J1007.html,fc8f97ae4339.html,ok
/webls-en-us/product-洗車俱樂部-超人氣超細纖維上蠟綿-(2入)-J3200.html,e0a7fbea7392.html,ok
/webls-en-us/product-鐵甲武士-4吋飛碟上蠟綿-(3入組)-VG-301.html,2dbdfe290856.html,ok
/webls-en-us/product-洗車俱樂部-超人氣黏扣式高密度4吋海綿-3入-J3306.html,b5e8f9901df7.html,ok
/webls-en-us/product-RH-3001.html,94ef0785073b.html,ok
/webls-en-us/product-RH-3002.html,6307a3ddea4c.html,ok
/webls-en-us/product-J3301.html,d09bcb3eb9fb.html,ok
/webls-en-us/product-J3302.html,ae0b40e3a725.html,ok
/webls-en-us/product-J3303.html,50993fb99c6c.html,ok
/webls-en-us/product-J3305.html,8ecbb29825a2.html,ok
/webls-en-us/product-J3400.html,703ba16fb530.html,ok
/webls-en-us/product-J3600.html,f11d5eccc18e.html,ok
/webls-en-us/category-car-sponges-and-car-towels_off0_modlist_cid36.html,67c38f0478de.html,ok
/webls-en-us/category-car-sponges-and-car-towels_off1_modlist_cid36.html,45009975db5a.html,ok
/webls-en-us/product-RH-5053.html,491df76b1d2a.html,ok
/webls-en-us/product-RH-5037.html,71a042fec3ce.html,ok
/webls-en-us/product-VANGUARD-BLACK-塑件還原增黑劑-B5036.html,b3b588ccd310.html,ok
/webls-en-us/product-RH-8009.html,e8c84d39781d.html,ok
/webls-en-us/category-car-wax_off0_modlist_cid27.html,bc380876dce8.html,ok
/webls-en-us/category-car-wax_off1_modlist_cid27.html,db0b3e7d12f0.html,ok
/webls-en-us/product-RH-5050.html,0e2cc4083a24.html,ok
/webls-en-us/product-洗車俱樂部-超人氣鍍膜海綿-6入-J3601.html,8c6ddb98bdc5.html,ok
/webls-en-us/product-RH-5021.html,32e302e8f010.html,ok
/webls-en-us/product-RH-5022.html,49e081356243.html,ok
/webls-en-us/product-RH-5065.html,0d6754de9211.html,ok
/webls-en-us/product-RH-5064.html,9959e2fe5aa1.html,ok
/webls-en-us/product-RH-5066.html,279e460b8ff8.html,ok
/webls-en-us/product-RH-5051.html,861ade2d9e1d.html,ok
/webls-en-us/product-鐵甲武士-特速零油膜擊退去除劑-VG-010.html,44b54fce2978.html,ok
/webls-en-us/product-洗車俱樂部-超人氣除油膜輔助神器-2入-J3202.html,65915bba8fa1.html,ok
/webls-en-us/product-VANGUARD-超級氟素玻璃鍍膜巾-VG-006.html,7e75d88380c2.html,ok
/webls-en-us/product-RH-5019.html,f692a2146b07.html,ok
/webls-en-us/product-RH-5032.html,00b289756b85.html,ok
/webls-en-us/product-RH-5031.html,a62f12becfd9.html,ok
/webls-en-us/product-RH-5011.html,ccb3722cdb3b.html,ok
/webls-en-us/product-RH-5013.html,145cd7775e55.html,ok
/webls-en-us/product-RH-5038.html,1f65d6d49dfe.html,ok
/webls-en-us/product-RH-5012.html,e87eaa36f216.html,ok
/webls-en-us/product-J8070.html,a817e64aa280.html,ok
/webls-en-us/product-洗車俱樂部-超人氣6吋玻璃除油膜拋光盤-J7013.html,e6dbe8ba3f9c.html,ok
/webls-en-us/product-L0007.html,dab1be81fe15.html,ok
/webls-en-us/product-2050.html,16107a495aea.html,ok
/webls-en-us/product-VG-TURBO-P0001.html,f0f3dc2b3175.html,ok
/webls-en-us/product-p00000111.html,660a9335e134.html,ok
/webls-en-us/product-J7003.html,4295caa2e430.html,ok
/webls-en-us/product-J7001.html,ef34c6e5531d.html,ok
/webls-en-us/product-J7002.html,18040a40cf56.html,ok
/webls-en-us/product-G60.html,bee83d72b66d.html,ok
/webls-en-us/product-G80.html,c9abbd0bd421.html,ok
/webls-en-us/product-J7004.html,6d02e765c796.html,ok
/webls-en-us/product-490012.html,fddeed568af7.html,ok
/webls-en-us/product-RH-5024.html,bcd6999282da.html,ok
/webls-en-us/product-RH-9018.html,882c9fbfa83d.html,ok
/webls-en-us/msg/msg66.html,62285cb7f1af.html,ok
/webls-en-us/msg/msg65.html,788a884b89b3.html,ok
/webls-en-us/msg/msg62.html,faec00e50bbf.html,ok
/webls-en-us/msg/msg61.html,25943c170640.html,ok
/product-B6330.html,a5e890efab7f.html,ok
/product-可力優-魔泥磁土潤滑液-B6333.html,bbead3c9b4c9.html,ok
/product-鐵甲武士-潔淨除蠟劑(洗蠟精-除蠟水)-VG-014.html,44180a6c799c.html,ok
/product-鐵甲武士-定量稀釋杯-VG-204.html,9fb9a4b89b29.html,ok
/product-鐵甲武士-柏油蟲斑去除劑-VG-009.html,908dc6ae1d84.html,ok
/product-鐵甲武士-紫爆效應鐵粉清除劑(鋼圈用)-VG-002.html,b8d717299b47.html,ok
/product-鐵甲武士-紫爆效應鐵粉清除劑(TK-FU-用)-VG-002.html,8fb0ccc48efe.html,ok
/product-鐵甲武士-水動力高壓水槍-VG-203.html,c5ae37068ef7.html,ok
/product-鐵甲武士-精緻細節刷-一柄二刷-VG-202.html,f679aeec2575.html,ok
/product-RH-6605.html,91b315a5ece0.html,ok
/product-RH-6606.html,847642555aa8.html,ok
/product-D3001.html,ad3f8ea5f3b8.html,ok
/product-鐵甲武士-高效率砂石過濾網-VG-201.html,8c29025e4206.html,ok
/product-RH-6603.html,06e29326a657.html,ok
/product-RH-6602.html,fc282714b111.html,ok
/product-RH-6601.html,6ccc5d9f206b.html,ok
/product-J8069.html,87a8fe80eb50.html,ok
/product-J8065.html,fbc5c05270b4.html,ok
/product-J8066.html,3386376d20d1.html,ok
/product-J8068.html,b5e24e26d89d.html,ok
/product-J1001.html,dfcfc59208b3.html,ok
/product-J1002.html,57b569a7c1ea.html,ok
/product-J1003.html,ac5637c50afd.html,ok
/product-J1004.html,30c33ce0ce55.html,ok
/product-J1006.html,31d3f4bec07d.html,ok
/product-J8090.html,ba60fd0c51f4.html,ok
/product-J5001.html,9cd89ee4bb2c.html,ok
/product-J5002.html,b14ed6050e13.html,ok
/product-J5003.html,590bbbdee766.html,ok
/product-J5004.html,8ce027bc1921.html,ok
/product-RH-5071.html,efe74799b83e.html,ok
/product-RH-5072.html,82c0a691593f.html,ok
/product-RH-8008.html,e55733ee1c23.html,ok
/webls-en-us/product-B6330.html,9c09148efd50.html,ok
/webls-en-us/product-可力優-魔泥磁土潤滑液-B6333.html,5f8cb836e119.html,ok
/webls-en-us/product-鐵甲武士-潔淨除蠟劑(洗蠟精-除蠟水)-VG-014.html,199d31997902.html,ok
/webls-en-us/product-鐵甲武士-定量稀釋杯-VG-204.html,616fa28c4958.html,ok
/webls-en-us/product-鐵甲武士-柏油蟲斑去除劑-VG-009.html,89260d9bf8ae.html,ok
/webls-en-us/product-鐵甲武士-紫爆效應鐵粉清除劑(鋼圈用)-VG-002.html,bc40c635f426.html,ok
/webls-en-us/product-鐵甲武士-紫爆效應鐵粉清除劑(TK-FU-用)-VG-002.html,5168482c0683.html,ok
/webls-en-us/product-鐵甲武士-水動力高壓水槍-VG-203.html,b95423e26d7e.html,ok
/webls-en-us/product-鐵甲武士-精緻細節刷-一柄二刷-VG-202.html,e222188d4c76.html,ok
/webls-en-us/product-RH-6605.html,d39a39938869.html,ok
/webls-en-us/product-RH-6606.html,71e80e605b6b.html,ok
/webls-en-us/product-D3001.html,b55abc80443e.html,ok
/webls-en-us/product-鐵甲武士-高效率砂石過濾網-VG-201.html,e2a19b103dc3.html,ok
/webls-en-us/product-RH-6603.html,cc7f36944e81.html,ok
/webls-en-us/product-RH-6602.html,8b32084b930f.html,ok
/webls-en-us/product-RH-6601.html,cef8199841a1.html,ok
/webls-en-us/product-J8069.html,215a5ed444d0.html,ok
/webls-en-us/product-J8065.html,c800eb7d29af.html,ok
/webls-en-us/product-J8066.html,24dfda9d994b.html,ok
/webls-en-us/product-J8068.html,fbd2eb06189d.html,ok
/webls-en-us/product-J1001.html,062311abebb0.html,ok
/webls-en-us/product-J1002.html,0472de097c54.html,ok
/webls-en-us/product-J1003.html,8f612359e647.html,ok
/webls-en-us/product-J1004.html,1b387d6b1524.html,ok
/webls-en-us/product-J1006.html,f5802b9e1541.html,ok
/webls-en-us/product-J8090.html,a3e3773a3a02.html,ok
/webls-en-us/product-J5001.html,2b40e4b6ef7f.html,ok
/webls-en-us/product-J5002.html,b055febfef06.html,ok
/webls-en-us/product-J5003.html,24f0f62cb79c.html,ok
/webls-en-us/product-J5004.html,169d0af598e3.html,ok
/webls-en-us/product-RH-5071.html,8dbd221eeb15.html,ok
/webls-en-us/product-RH-5072.html,d4e9ef918798.html,ok
/webls-en-us/product-RH-8008.html,0bcb5844d165.html,ok
